Année,Sexe,Âge,Prévalence
2022,Hommes et Femmes,55 ans et plus,12.38272757968803
2022,Hommes,55 ans et plus,9.707421228387245
2022,Femmes,55 ans et plus,14.741332484971068
2022,Hommes,55-64 ans,4.579502310739782
2022,Hommes,70-74 ans,8.089794305081139
2022,Femmes,55-64 ans,6.1237422866213915
2022,Hommes,65-69 ans,5.846649958464491
2022,Femmes,65-69 ans,7.707035097422272
2022,Femmes,70-74 ans,10.55980137848408
2022,Femmes,75-79 ans,19.45464418100269
2022,Hommes,75-79 ans,13.552836318636743
2022,Hommes,80-84 ans,22.11307688321111
2022,Hommes,85 ans et plus,39.996560929545616
2022,Femmes,80-84 ans,30.691435722489015
2022,Femmes,85 ans et plus,50.86349541808859
2021,Hommes,70-74 ans,8.169013681342028
2021,Hommes,85 ans et plus,40.770520998127104
2021,Femmes,75-79 ans,19.434386618042264
2021,Femmes,85 ans et plus,51.0971609278876
2021,Hommes et Femmes,55 ans et plus,12.723281994344587
2021,Hommes,55 ans et plus,10.05177279313902
2021,Hommes,65-69 ans,5.928010492558254
2021,Hommes,75-79 ans,13.828606657224219
2021,Hommes,80-84 ans,22.57964289473195
2021,Femmes,70-74 ans,10.547834979305474
2021,Femmes,55 ans et plus,15.08044331223888
2021,Hommes,55-64 ans,4.572039736482336
2021,Femmes,55-64 ans,6.01454167773494
2021,Femmes,65-69 ans,7.741670132484181
2021,Femmes,80-84 ans,30.565802857665513
2020,Hommes,55 ans et plus,9.9963011321389
2020,Femmes,55 ans et plus,15.143264192242043
2020,Hommes,75-79 ans,13.833299354854523
2020,Hommes,80-84 ans,22.450272840372985
2020,Femmes,75-79 ans,19.648218119687712
2020,Hommes,85 ans et plus,39.4926850086869
2020,Femmes,65-69 ans,7.46740619909156
2020,Femmes,70-74 ans,10.210187247563018
2020,Femmes,80-84 ans,30.51981688666549
2020,Hommes et Femmes,55 ans et plus,12.753182486030642
2020,Hommes,55-64 ans,4.947458239675614
2020,Hommes,65-69 ans,5.842085698354374
2020,Hommes,70-74 ans,8.025914927101892
2020,Femmes,55-64 ans,6.139595705985547
2020,Femmes,85 ans et plus,50.91917465361494
2019,Hommes,55 ans et plus,9.901777833288946
2019,Femmes,55-64 ans,6.0831165565931204
2019,Femmes,80-84 ans,30.98254132667691
2019,Femmes,85 ans et plus,50.776733291224986
2019,Femmes,55 ans et plus,15.275503566390888
2019,Hommes,55-64 ans,4.653693214459836
2019,Hommes,65-69 ans,5.951565550412141
2019,Hommes,70-74 ans,8.129878880199271
2019,Hommes,85 ans et plus,39.201982708118706
2019,Hommes et Femmes,55 ans et plus,12.799031849971964
2019,Hommes,75-79 ans,14.090030973666593
2019,Hommes,80-84 ans,22.91190035045609
2019,Femmes,65-69 ans,7.659196754089974
2019,Femmes,70-74 ans,10.43541492314268
2019,Femmes,75-79 ans,19.96987168918329
2018,Hommes et Femmes,55 ans et plus,13.02063094265749
2018,Hommes,55 ans et plus,10.048574367169776
2018,Femmes,55 ans et plus,15.565042534082748
2018,Hommes,55-64 ans,4.725106032372619
2018,Hommes,85 ans et plus,39.68703180450035
2018,Femmes,55-64 ans,6.139675338717473
2018,Femmes,65-69 ans,7.752110113305958
2018,Femmes,70-74 ans,10.612636899747262
2018,Femmes,75-79 ans,20.638489575769515
2018,Femmes,80-84 ans,31.735084123516298
2018,Femmes,85 ans et plus,51.195043701266165
2018,Hommes,65-69 ans,6.029040122506971
2018,Hommes,70-74 ans,8.241701834164381
2018,Hommes,75-79 ans,14.383880477019964
2018,Hommes,80-84 ans,23.365893483244154
2017,Hommes et Femmes,55 ans et plus,12.990561942134368
2017,Femmes,55 ans et plus,15.49852669692273
2017,Hommes,55-64 ans,4.717580050541086
2017,Hommes,65-69 ans,6.0287580200932185
2017,Hommes,70-74 ans,8.242313855927073
2017,Hommes,85 ans et plus,39.50860074588731
2017,Femmes,80-84 ans,31.519545328212068
2017,Femmes,85 ans et plus,50.288636692765905
2017,Hommes,55 ans et plus,10.033628504259859
2017,Hommes,80-84 ans,23.419355637838606
2017,Femmes,55-64 ans,6.140698898391643
2017,Femmes,70-74 ans,10.766358662485425
2017,Hommes,75-79 ans,14.46016311647456
2017,Femmes,65-69 ans,7.7952494197874
2017,Femmes,75-79 ans,20.68880565332597
2016,Hommes,85 ans et plus,39.094338356403405
2016,Femmes,75-79 ans,20.511442939298057
2016,Femmes,80-84 ans,31.192180419646533
2016,Hommes,55 ans et plus,9.977867719476087
2016,Femmes,55 ans et plus,15.361325105052046
2016,Hommes,70-74 ans,8.241251593820424
2016,Hommes,75-79 ans,14.422869397594095
2016,Femmes,65-69 ans,7.7250859644182075
2016,Hommes et Femmes,55 ans et plus,12.894638371674016
2016,Hommes,55-64 ans,4.721827243262569
2016,Hommes,65-69 ans,6.0028679180799465
2016,Hommes,80-84 ans,23.300708411097222
2016,Femmes,55-64 ans,6.113880960899102
2016,Femmes,70-74 ans,10.79919254411531
2016,Femmes,85 ans et plus,49.40869268788158
2015,Femmes,55 ans et plus,15.215292579068615
2015,Hommes,55-64 ans,4.706456256054934
2015,Hommes,70-74 ans,8.223796268732295
2015,Femmes,55-64 ans,6.058302542969468
2015,Femmes,65-69 ans,7.664281724387199
2015,Femmes,70-74 ans,10.804907265250735
2015,Femmes,75-79 ans,20.248560812594327
2015,Hommes et Femmes,55 ans et plus,12.76361052170769
2015,Hommes,55 ans et plus,9.856627295388927
2015,Hommes,75-79 ans,14.202422154102043
2015,Hommes,65-69 ans,5.944950883068793
2015,Hommes,80-84 ans,22.98505753421929
2015,Hommes,85 ans et plus,38.175426898554385
2015,Femmes,80-84 ans,30.804936636110874
2015,Femmes,85 ans et plus,48.32279151027149
2014,Femmes,55 ans et plus,15.070892128741031
2014,Hommes,55-64 ans,4.672111056519877
2014,Femmes,70-74 ans,10.750543181003753
2014,Femmes,80-84 ans,30.40538421959929
2014,Hommes et Femmes,55 ans et plus,12.646528215650521
2014,Hommes,55 ans et plus,9.762250917735024
2014,Hommes,65-69 ans,5.867464748618962
2014,Hommes,70-74 ans,8.155747541717902
2014,Hommes,75-79 ans,14.087945163484719
2014,Hommes,85 ans et plus,37.707732024294316
2014,Femmes,65-69 ans,7.606276097383005
2014,Femmes,85 ans et plus,47.50983046443378
2014,Hommes,80-84 ans,22.82657762893815
2014,Femmes,55-64 ans,6.000865528065992
2014,Femmes,75-79 ans,19.93590930193653
2013,Hommes,55-64 ans,4.654569027026087
2013,Hommes,65-69 ans,5.82148200066807
2013,Femmes,80-84 ans,30.124617035332506
2013,Hommes et Femmes,55 ans et plus,12.53187129628753
2013,Hommes,55 ans et plus,9.651829936655105
2013,Hommes,70-74 ans,8.103872631074703
2013,Femmes,70-74 ans,10.67685284968549
2013,Femmes,85 ans et plus,46.82920043378617
2013,Femmes,55 ans et plus,14.945215343875345
2013,Hommes,75-79 ans,14.041579925461804
2013,Hommes,80-84 ans,22.629615260155564
2013,Hommes,85 ans et plus,37.11954956775092
2013,Femmes,55-64 ans,5.939433829962221
2013,Femmes,65-69 ans,7.564386499143791
2013,Femmes,75-79 ans,19.778892616627893
