Année;Genre;Maladies infectieuses et parasitaires;Tumeurs;    tumeur maligne du côlon, rectum et anus;    tumeur maligne du pancréas;    tumeur maligne de la trachée, des bronches et du poumon;    tumeur maligne du sein;Maladies endocriniennes, nutritionnelles et métaboliques;Troubles mentaux et du comportement;Maladies du système nerveux et des organes des sens;Maladies de l’appareil circulatoire;    cardiopathies ischémiques;    maladies cérébrovasculaires;Maladies de l’appareil respiratoire;Maladies de l’appareil digestif;Maladies de l’appareil génito-urinaire;Causes externes de morbidité et mortalité;    accidents de transport;    suicides et lésions auto-infligées;Covid-19;Autres causes;Ensemble
2000;Femmes;5,258;60,596;7,662;3,24;4,281;11,026;11,464;10,378;11,448;87,957;20,132;22,883;17,554;11,292;3,681;16,729;1,94;2,896;;25,736;262,093
2000;Hommes;5,541;90,779;8,38;3,662;20,696;0,121;8,113;7,188;8,939;76,073;25,417;16,341;18,533;12,804;3,718;25,048;5,713;8,073;;18,905;275,641
2000;Ensemble;10,799;151,375;16,042;6,902;24,977;11,147;19,577;17,566;20,387;164,03;45,549;39,224;36,087;24,096;7,399;41,777;7,653;10,969;;44,641;537,734
2001;Femmes;5,13;61,258;7,557;3,543;4,471;11,055;11,631;10,516;12,21;87,431;20,047;22,527;15,292;11,409;3,981;16,845;2,077;2,822;;26,755;262,458
2001;Hommes;5,294;91,455;8,495;3,775;20,751;0,177;8,32;7,451;9,475;74,865;24,704;16,138;17,232;13,172;3,684;24,743;5,728;7,772;;20,61;276,301
2001;Ensemble;10,424;152,713;16,052;7,318;25,222;11,232;19,951;17,967;21,685;162,296;44,751;38,665;32,524;24,581;7,665;41,588;7,805;10,594;;47,365;538,759
2002;Femmes;5,175;62,435;7,639;3,649;4,948;11,27;12,032;10,723;13,212;86,142;19,486;21,778;16,361;11,497;4,183;16,788;1,88;2,944;;27,306;265,854
2002;Hommes;5,425;92,092;8,616;3,868;21,008;0,188;8,33;7,463;9,753;74,312;24,354;15,878;17,808;12,963;3,968;24,653;5,547;7,845;;20,57;277,337
2002;Ensemble;10,6;154,527;16,255;7,517;25,956;11,458;20,362;18,186;22,965;160,454;43,84;37,656;34,169;24,46;8,151;41,441;7,427;10,789;;47,876;543,191
2003;Femmes;5,768;62,973;7,929;3,572;5,245;11,246;14,061;11,476;15,076;87,529;19,672;22,069;17,55;11,531;4,431;17,435;1,495;2,866;;29,338;277,168
2003;Hommes;5,578;92,396;8,624;3,931;21,166;0,188;9,357;7,83;10,873;74,61;24,002;16,062;18,898;13,415;4,111;24,796;4,701;8,162;;21,465;283,329
2003;Ensemble;11,346;155,369;16,553;7,503;26,411;11,434;23,418;19,306;25,949;162,139;43,674;38,131;36,448;24,946;8,542;42,231;6,196;11,028;;50,803;560,497
2004;Femmes;4,795;62,741;7,72;3,764;5,507;11,292;11,077;9,365;13,834;79,296;17,767;19,966;14,537;10,784;4,041;15,085;1,36;2,971;;24,53;250,085
2004;Hommes;5,018;91,847;8,893;4,076;21,517;0,206;8,395;6,91;9,954;70,433;23,251;14,46;16,18;12,504;3,964;22,83;4,129;7,978;;19,312;267,347
2004;Ensemble;9,813;154,588;16,613;7,84;27,024;11,498;19,472;16,275;23,788;149,729;41,018;34,426;30,717;23,288;8,005;37,915;5,489;10,949;;43,842;517,432
2005;Femmes;5,048;64,129;7,947;3,898;5,981;11,443;11,345;9,946;15,598;81,144;17,79;20,035;17,242;10,936;4,381;15,285;1,384;2,929;;25,979;261,033
2005;Hommes;5,169;93,334;8,844;4,225;22,067;0,203;8,557;7,417;11,179;71,13;23,117;14,767;18,329;12,71;4,176;23,086;4,103;7,933;;20,113;275,2
2005;Ensemble;10,217;157,463;16,791;8,123;28,048;11,646;19,902;17,363;26,777;152,274;40,907;34,802;35,571;23,646;8,557;38,371;5,487;10,862;;46,092;536,233
2006;Femmes;4,946;64,494;7,794;4,04;6,367;11,548;11,108;9,627;16,198;78,66;16,988;19,349;14,522;10,807;4,326;14,719;1,175;2,857;;25,19;254,597
2006;Hommes;5,296;92,997;8,788;4,298;22,203;0,191;8,346;7,191;11,377;69,224;22,168;14,182;16,544;12,721;4,187;22,659;3,773;7,721;;19,663;270,205
2006;Ensemble;10,242;157,491;16,582;8,338;28,57;11,739;19,454;16,818;27,575;147,884;39,156;33,531;31,066;23,528;8,513;37,378;4,948;10,578;;44,853;524,802
2007;Femmes;4,919;64,549;7,768;4,235;6,565;11,495;10,996;9,685;17,291;78,311;16,624;18,687;15,324;10,809;4,524;14,714;1,124;2,739;;25,66;256,782
2007;Hommes;5,237;93,527;8,753;4,479;22,285;0,224;8,355;7,405;11,594;69,214;21,837;14,027;17,223;12,61;4,171;22,46;3,617;7,535;;20,306;272,102
2007;Ensemble;10,156;158,076;16,521;8,714;28,85;11,719;19,351;17,09;28,885;147,525;38,461;32,714;32,547;23,419;8,695;37,174;4,741;10,274;;45,966;528,884
2008;Femmes;5,468;66,715;8,1;4,393;6,892;11,756;11,265;9,956;18,68;79,619;16,419;19,158;15,717;11,029;4,666;14,776;1,029;2,761;;26,979;264,87
2008;Hommes;5,408;93,628;9,016;4,753;22,329;0,195;8,86;7,706;12,353;69,318;21,652;13,887;17,476;12,936;4,533;22,823;3,432;7,767;;21,196;276,237
2008;Ensemble;10,876;160,343;17,116;9,146;29,221;11,951;20,125;17,662;31,033;148,937;38,071;33,045;33,193;23,965;9,199;37,599;4,461;10,528;;48,175;541,107
2009;Femmes;5,662;67,32;8,135;4,529;7,369;11,758;11,532;10,153;19,287;78,923;15,975;19,153;16,492;11,06;4,721;14,975;1,08;2,762;;27,668;267,793
2009;Hommes;5,44;94,654;9,126;4,697;22,539;0,205;8,67;7,676;12,591;68,262;21,106;13,719;17,953;12,793;4,715;23,277;3,443;7,888;;22,013;278,044
2009;Ensemble;11,102;161,974;17,261;9,226;29,908;11,963;20,202;17,829;31,878;147,185;37,081;32,872;34,445;23,853;9,436;38,252;4,523;10,65;;49,681;545,837
2010;Femmes;5,586;67,446;7,988;4,568;7,482;11,917;11,392;10,189;19,863;77,7;15,256;18,883;15,053;10,977;5,122;15,266;0,96;2,777;;30,818;269,412
2010;Hommes;5,473;94,042;9,211;4,784;22,398;0,173;8,599;8,046;12,915;67,64;20,592;13,626;17,48;12,881;4,829;23,03;3,172;7,738;;25,608;280,543
2010;Ensemble;11,059;161,488;17,199;9,352;29,88;12,09;19,991;18,235;32,778;145,34;35,848;32,509;32,533;23,858;9,951;38,296;4,132;10,515;;56,426;549,955
2011;Femmes;5,944;67,91;8,241;4,643;7,697;11,654;10,549;11,285;20,465;75,19;14,699;18,759;16,355;10,485;4,264;14,935;0,921;2,64;;29,763;267,145
2011;Hommes;5,727;93,515;9,158;4,807;22,521;0,107;8,648;8,161;13,26;65,651;20,17;13,775;18,198;12,396;4,137;22,817;3,022;7,892;;25,163;277,673
2011;Ensemble;11,671;161,425;17,399;9,45;30,218;11,761;19,197;19,446;33,725;140,841;34,869;32,534;34,553;22,881;8,401;37,752;3,943;10,532;;54,926;544,818
2012;Femmes;6,125;69,131;8,198;4,846;8,317;11,836;11,156;12,862;22,364;77,103;14,863;19,347;19,1;10,58;4,565;15,094;0,896;2,452;;34,349;282,429
2012;Hommes;5,682;94,047;9,176;4,903;22,533;0,109;8,947;9,06;13,964;66,556;20,308;13,698;19,542;12,487;4,282;22,626;2,764;7,452;;29,273;286,466
2012;Ensemble;11,807;163,178;17,374;9,749;30,85;11,945;20,103;21,922;36,328;143,659;35,171;33,045;38,642;23,067;8,847;37,72;3,66;9,904;;63,622;568,895
2013;Femmes;5,763;69,249;8,057;5,088;8,164;11,964;11,297;13,301;21,903;76,374;14,261;19,1;18,199;10,684;4,533;14,879;0,743;2,429;;34,912;281,094
2013;Hommes;5,312;94,354;9,262;5,284;22,585;0,131;8,967;9,264;13,825;65,8;19,813;13,559;19,426;12,472;4,434;22,038;2,468;7,403;;30,085;285,977
2013;Ensemble;11,075;163,603;17,319;10,372;30,749;12,095;20,264;22,565;35,728;142,174;34,074;32,659;37,625;23,156;8,967;36,917;3,211;9,832;;64,997;567,071
2014;Femmes;5,509;70,866;7,996;5,121;8,997;12,17;10,761;13,373;21,302;74,754;13,882;18,643;17,096;10,395;4,8;14,448;0,798;2,257;;32,868;276,172
2014;Hommes;5,157;95,345;9,187;5,433;22,757;0,16;8,802;9,086;13,497;64,316;19,389;12,95;18,346;12,483;4,427;21,572;2,478;6,784;;27,877;280,908
2014;Ensemble;10,666;166,211;17,183;10,554;31,754;12,33;19,563;22,459;34,799;139,07;33,271;31,593;35,442;22,878;9,227;36,02;3,276;9,041;;60,745;557,08
2015;Femmes;5,868;72,579;8,234;5,422;9,161;12,411;11,994;15,046;23,303;77,71;13,842;18,918;21,459;11,171;5,171;15,907;0,794;2,139;;35,914;296,122
2015;Hommes;5,353;96,58;9,424;5,499;22,989;0,169;9,631;10,361;14,705;67,077;20,127;13,258;21,275;12,819;4,927;23,084;2,405;6,979;;29,872;295,684
2015;Ensemble;11,221;169,159;17,658;10,921;32,15;12,58;21,625;25,407;38,008;144,787;33,969;32,176;42,734;23,99;10,098;38,991;3,199;9,118;;65,786;591,806
2016;Femmes;5,505;74,119;8,513;5,688;9,309;12,693;11,689;15,737;23,642;77,037;13,345;18,807;20,544;11,205;5,226;15,553;0,799;2,018;;36,058;296,315
2016;Hommes;4,999;97,083;9,516;5,612;22,568;0,243;9,566;10,277;15,239;66,493;19,671;13,406;20,789;12,972;4,896;22,908;2,387;6,574;;30,535;295,757
2016;Ensemble;10,504;171,202;18,029;11,3;31,877;12,936;21,255;26,014;38,881;143,53;33,016;32,213;41,333;24,177;10,122;38,461;3,186;8,592;;66,593;592,072
2017;Femmes;6,109;74,789;8,471;5,664;9,586;12,848;12,383;15,703;24,011;77,264;13,341;18,703;22,501;11,133;5,63;16,422;0,717;2,089;;38,745;304,69
2017;Hommes;5,496;96,428;9,525;5,803;21,816;0,165;9,733;10,215;15,559;66,358;19,688;13,073;22,256;13,037;5,227;22,98;2,337;6,278;;32,319;299,608
2017;Ensemble;11,605;171,217;17,996;11,467;31,402;13,013;22,116;25,918;39,57;143,622;33,029;31,776;44,757;24,17;10,857;39,402;3,054;8,367;;71,064;604,298
2018;Femmes;5,979;74,246;8,141;5,832;9,38;12,76;12,182;16,915;23,776;76,985;13,093;18,554;22,318;11,29;5,506;16,292;0,657;2,192;;39,898;305,387
2018;Hommes;5,325;96,045;9,186;5,942;21,674;0,198;9,754;11,099;15,868;66,668;19,384;13,226;22,79;13,108;5,139;23,2;2,035;6,676;;33,437;302,433
2018;Ensemble;11,304;170,291;17,327;11,774;31,054;12,958;21,936;28,014;39,644;143,653;32,477;31,78;45,108;24,398;10,645;39,492;2,692;8,868;;73,335;607,82
2019;Femmes;6,219;75,254;8,152;6,118;9,968;12,639;12,361;16,88;22,968;74,387;12,626;18,495;22,893;11,475;5,763;16,661;0,594;2,167;;42,931;307,792
2019;Hommes;5,634;95,819;9,207;6,081;20,989;0,195;10,044;10,962;15,84;64,241;19,105;13,474;22,617;13,41;5,693;23,359;1,974;6,655;;36,002;303,621
2019;Ensemble;11,853;171,073;17,359;12,199;30,957;12,834;22,405;27,842;38,808;138,628;31,731;31,969;45,51;24,885;11,456;40,02;2,568;8,822;;78,933;611,413
2020;Femmes;5,71;75,243;8,087;6,191;9,914;12,8;12,954;15,45;22,299;71,132;12,003;17,955;18,425;11,581;6,259;16,731;0,482;2,249;34,17;43,508;333,462
2020;Hommes;5,346;95,562;9,11;6,285;21,021;0,208;10,643;9,936;15,316;63,629;19,089;13,157;20,284;13,396;5,831;23,301;1,662;6,737;35,079;35,712;334,035
2020;Ensemble;11,056;170,805;17,197;12,476;30,935;13,008;23,597;25,386;37,615;134,761;31,092;31,112;38,709;24,977;12,09;40,032;2,144;8,986;69,249;79,22;667,497
2021;Femmes;5,675;75,17;7,98;6,331;9,918;12,637;12,993;14,563;21,2;72,499;11,973;17,814;17,063;11,785;6,544;17,053;0,546;2,199;28,629;44,382;327,556
2021;Hommes;5,379;94,74;8,961;6,401;20,522;0,181;10,851;9,693;14,89;65,217;19,286;13,313;19,286;13,903;6,118;23,851;1,831;6,752;32,266;36,418;332,612
2021;Ensemble;11,054;169,91;16,941;12,732;30,44;12,818;23,844;24,256;36,09;137,716;31,259;31,127;36,349;25,688;12,662;40,904;2,377;8,951;60,895;80,8;660,168
2022;Femmes;6,377;76,308;7,998;6,463;10,318;12,757;14,073;15,502;22,252;74,368;11,996;18,196;22,136;12,405;6,874;18,8;0,591;2,275;19,847;49,131;338,073
2022;Hommes;5,997;95,322;8,977;6,468;20,578;0,206;11,44;10,086;15,724;65,805;19,212;13,38;22,935;14,781;6,594;26;1,94;6,925;21,444;38,989;335,117
2022;Ensemble;12,374;171,63;16,975;12,931;30,896;12,963;25,513;25,588;37,976;140,173;31,208;31,576;45,071;27,186;13,468;44,8;2,531;9,2;41,291;88,12;673,19
2023;Femmes;6,452;76,716;8,007;6,73;10,699;12,765;13,721;15,02;21,249;72,078;11,336;17,49;23,511;12,253;6,79;18,904;0,572;2,197;6,846;46,335;319,875
2023;Hommes;6,335;95,154;8,923;6,645;20,468;0,229;11,397;9,845;15,536;64,161;18,692;13,17;23,537;14,419;6,634;26,365;1,878;6,671;7,376;36,448;317,207
2023;Ensemble;12,787;171,87;16,93;13,375;31,167;12,994;25,118;24,865;36,785;136,239;30,028;30,66;47,048;26,672;13,424;45,269;2,45;8,868;14,222;82,783;637,082
